City,Population,Violent_crime,Murder_and_nonnegligent_manslaughter,Rape,Robbery,Aggravated_assault,Property_crime,Burglary,Larceny_theft,Motor_vehicle_theft,Arson
Apache Junction,"38,506",107,0,1,15,91,921,251,597,73,9
Avondale,"81,605",233,2,32,78,121,"3,262",558,"2,459",245,8
Buckeye,"64,563",35,2,2,15,16,"1,025",115,839,71,2
Bullhead City,"39,426",99,0,10,16,73,"1,405",308,999,98,2
Camp Verde,"11,213",30,1,0,4,25,351,90,235,26,2
Casa Grande,"51,995",284,1,23,38,222,"1,744",346,"1,329",69,12
Chandler,"265,922",558,4,124,157,273,"6,152",864,"4,895",393,21
Chino Valley,"11,202",74,0,0,2,72,249,55,177,17,0
Clarkdale,"4,271",11,0,0,1,10,58,13,42,3,1
Coolidge,"12,387",38,2,3,7,26,597,145,404,48,11
Cottonwood,"11,932",43,0,1,1,41,496,66,404,26,3
Douglas,"16,398",30,0,1,4,25,462,70,377,15,3
Eagar,"4,863",6,0,0,0,6,51,17,32,2,3
El Mirage,"34,376",74,1,7,16,50,"1,052",284,667,101,9
Eloy,"17,110",62,0,3,6,53,460,117,307,36,10
Flagstaff,"71,179",265,0,26,30,209,"2,856",255,"2,542",59,24
Florence,"31,130",22,0,0,0,22,151,36,108,7,0
Fredonia,"1,320",3,0,0,0,3,20,6,13,1,
Gilbert,"255,899",200,3,39,37,121,"3,368",564,"2,678",126,31
Glendale,"242,938","1,204",23,107,476,598,"12,805","1,981","9,690","1,134",
Goodyear,"82,018",310,0,18,28,264,"2,063",359,"1,561",143,0
Holbrook,"5,012",44,0,1,1,42,202,42,145,15,1
Jerome,458,0,0,0,0,0,15,5,10,0,0
Kearny,"2,055",1,0,0,0,1,27,11,16,0,0
Kingman,"29,069",101,3,7,21,70,"1,480",262,"1,152",66,10
Lake Havasu City,"53,746",141,2,31,6,102,"1,218",263,849,106,25
Marana,"42,808",40,1,8,13,18,"1,045",66,947,32,2
Maricopa,"49,627",97,3,10,6,78,648,87,517,44,0
Mesa,"478,277","2,051",19,272,450,"1,310","11,214","1,950","8,404",860,30
Miami,"1,776",14,0,0,0,14,101,65,30,6,2
Nogales,"20,143",62,0,0,2,60,502,80,304,118,0
Oro Valley,"44,089",29,0,4,7,18,653,70,555,28,1
Page,"7,516",86,0,13,7,66,500,59,421,20,5
Paradise Valley,"14,155",9,0,5,1,3,232,57,168,7,0
Patagonia,886,1,0,0,0,1,5,1,0,4,0
Payson,"15,351",55,0,5,5,45,379,85,265,29,0
Peoria,"174,797",350,2,37,85,226,"3,709",645,"2,804",260,12
Phoenix,"1,586,611","10,700",146,"1,019","3,272","6,263","58,552","13,024","37,568","7,960",216
Pima,"2,554",0,0,0,0,0,39,7,29,3,0
Pinetop-Lakeside,"4,354",46,0,0,1,45,172,38,131,3,0
Prescott,"42,321",170,0,10,18,142,924,175,720,29,5
Prescott Valley,"42,900",78,1,13,14,50,994,126,836,32,1
Safford,"9,717",34,0,0,0,34,386,43,313,30,1
Sahuarita,"25,792",23,0,3,1,19,375,42,320,13,3
San Luis,"32,227",39,1,1,1,36,427,79,294,54,0
Scottsdale,"240,885",369,4,90,112,163,"5,698",768,"4,681",249,13
Show Low,"10,892",2,1,0,0,1,439,33,396,10,4
Sierra Vista,"42,988",85,3,15,18,49,"1,278",249,974,55,6
Snowflake-Taylor,"9,835",29,0,0,0,29,169,43,116,10,6
Somerton,"15,196",26,0,0,0,26,180,47,95,38,0
Springerville,"1,952",3,0,1,0,2,39,11,26,2,1
Surprise,"130,679",135,6,12,38,79,"2,489",353,"1,980",156,5
Tempe,"178,654",902,4,155,237,506,"8,144","1,200","6,494",450,38
Thatcher,"5,019",0,0,0,0,0,89,13,76,0,0
Tucson,"533,663","4,245",30,469,"1,235","2,511","31,265","4,138","25,185","1,942",119
Wellton,"2,944",6,0,1,1,4,17,5,11,1,0
Wickenburg,"6,835",25,0,7,2,16,191,64,108,19,3
Willcox,"3,511",65,0,1,2,62,201,12,177,12,1
Williams,"3,140",30,0,2,0,28,116,19,97,0,1
Winslow,"9,581",75,1,9,3,62,679,67,579,33,4
Aspen,"6,926",5,0,4,0,1,325,24,289,12,2
Ault,"1,642",2,0,0,0,2,5,4,0,1,0
Aurora,"366,477","1,939",22,289,576,"1,052","11,213","1,698","7,977","1,538",69
Avon,"6,532",13,0,8,0,5,147,13,124,10,0
Basalt,"3,900",2,0,2,0,0,34,2,30,2,0
Bayfield,"2,611",2,0,1,0,1,45,6,36,3,0
Black Hawk,126,8,0,6,1,1,199,2,184,13,0
Boulder,"109,189",258,0,52,30,176,"3,275",559,"2,497",219,19
Bow Mar,961,0,0,0,0,0,3,1,2,0,0
Breckenridge,"4,971",12,1,4,0,7,222,25,191,6,0
Brighton,"38,363",143,1,45,15,82,"1,328",159,994,175,12
Broomfield,"66,953",36,0,16,2,18,"1,610",216,"1,236",158,4
Brush,"5,456",5,0,5,0,0,41,22,19,0,1
Buena Vista,"2,790",1,0,1,0,0,65,4,61,0,0
Burlington,"3,624",7,1,0,0,6,76,9,62,5,0
Calhan,790,0,0,0,0,0,12,5,7,0,0
Campo,104,0,0,0,0,0,0,0,0,0,0
Carbondale,"6,728",14,0,2,1,11,74,4,60,10,0
Castle Rock,"57,109",51,0,22,4,25,882,106,739,37,5
Center,"2,196",11,1,3,1,6,72,26,43,3,0
Cherry Hills Village,"6,649",1,0,0,0,1,69,14,51,4,0
Colorado Springs,"464,113","2,301",24,446,437,"1,394","16,526","2,677","11,776","2,073",116
Columbine Valley,"1,381",0,0,0,0,0,4,2,2,0,0
Commerce City,"55,341",241,0,52,40,149,"1,767",230,"1,127",410,11
Cortez,"8,761",14,0,0,1,13,209,8,199,2,0
Craig,"8,724",19,0,6,3,10,238,16,216,6,2
Crested Butte,"1,599",3,0,0,0,3,19,1,17,1,0
Cripple Creek,"1,147",19,0,3,0,16,77,12,59,6,1
Dacono,"4,925",2,0,0,1,1,8,0,4,4,0
Delta,"8,778",9,0,4,0,5,332,52,257,23,4
Denver,"699,259","4,597",57,567,"1,160","2,813","25,101","4,675","15,638","4,788",94
Dillon,972,5,0,2,1,2,42,1,38,3,1
Durango,"18,248",43,1,5,1,36,718,61,626,31,2
Eagle,"6,715",4,0,1,0,3,55,5,47,3,1
Eaton,"5,045",3,0,0,1,2,5,3,1,1,0
Edgewater,"5,330",10,0,2,3,5,333,24,261,48,0
Erie,"22,115",12,0,5,1,6,135,24,103,8,1
Estes Park,"6,335",6,0,0,1,5,72,12,57,3,1
Evans,"21,975",70,0,4,3,63,409,67,275,67,7
Federal Heights,"12,563",81,1,11,18,51,718,84,467,167,0
Firestone,"12,375",6,0,0,2,4,126,24,89,13,0
Florence,"3,861",7,0,0,0,7,76,16,54,6,0
Fort Collins,"164,670",342,5,33,40,264,"4,036",451,"3,384",201,16
Fort Lupton,"7,903",15,0,2,2,11,101,9,70,22,0
Fort Morgan,"11,313",36,0,23,1,12,303,54,223,26,3
Fountain,"28,115",98,1,32,14,51,729,69,563,97,2
Fowler,"1,141",4,0,1,0,3,5,0,2,3,0
Fraser/Winter Park,"2,205",3,0,1,0,2,70,3,65,2,0
Frisco,"3,108",4,0,2,0,2,81,14,63,4,0
Fruita,"12,825",16,0,4,3,9,184,49,134,1,7
Garden City,269,13,0,0,0,13,29,2,23,4,0
Georgetown,"1,052",3,0,1,0,2,4,3,0,1,0
Glendale,"5,396",41,0,4,15,22,759,38,668,53,0
Glenwood Springs,"9,978",38,1,9,1,27,517,38,454,25,5
Golden,"20,616",31,0,4,3,24,480,36,402,42,1
Granby,"1,880",3,0,0,0,3,20,0,20,0,0
Grand Junction,"60,628",314,4,63,35,212,"3,060",362,"2,537",161,15
Greeley,"102,491",468,3,85,51,329,"3,275",506,"2,447",322,19
Greenwood Village,"16,024",34,0,7,6,21,614,83,480,51,3
Gunnison,"6,110",19,0,2,1,16,165,20,144,1,1
Gypsum,"7,012",4,0,1,1,2,71,5,60,6,0
Haxtun,926,1,0,0,0,1,21,2,19,0,0
Holyoke,"2,237",3,0,1,0,2,23,3,19,1,0
Hotchkiss,895,2,0,2,0,0,16,4,12,0,0
Hugo,737,2,0,0,0,2,12,3,7,2,0
Idaho Springs,"1,730",33,1,8,1,23,75,10,60,5,1
Ignacio,723,0,0,0,0,0,0,0,0,0,0
Johnstown,"16,143",13,0,8,0,5,114,7,93,14,0
Kersey,"1,602",0,0,0,0,0,14,4,10,0,0
Kiowa,753,0,0,0,0,0,2,1,0,1,0
Lafayette,"28,421",87,0,35,10,42,638,53,545,40,7
Lakeside,8,4,0,0,4,0,319,3,313,3,0
Lakewood,"154,553",875,4,144,174,553,"8,455","1,014","6,429","1,012",30
La Salle,"2,070",3,0,0,0,3,54,11,34,9,1
Leadville,"2,656",6,1,0,0,5,44,8,32,4,1
Limon,"1,917",4,0,0,0,4,2,0,1,1,0
Littleton,"47,288",48,3,12,13,20,"1,296",240,907,149,2
Lochbuie,"5,516",7,0,0,2,5,99,13,74,12,0
Lone Tree,"13,593",33,2,5,7,19,967,56,911,0,3
Longmont,"93,268",292,0,104,32,156,"2,300",272,"1,860",168,41
Louisville,"20,814",21,0,0,2,19,73,36,27,10,3
Loveland,"76,936",184,1,41,20,122,"1,987",193,"1,719",75,11
Mancos,"1,388",0,0,0,0,0,19,5,14,0,1
Manitou Springs,"5,397",17,0,4,4,9,122,20,93,9,2
Mead,"4,713",11,1,1,1,8,80,16,55,9,1
Meeker,"2,344",5,0,1,0,4,17,0,15,2,0
Milliken,"6,551",3,0,0,0,3,41,4,34,3,1
Monte Vista,"4,262",24,0,3,1,20,224,81,130,13,1
Montrose,"19,054",29,0,1,2,26,835,87,713,35,2
Monument,"6,497",2,0,0,1,1,190,24,162,4,0
Morrison,436,0,0,0,0,0,0,0,0,0,0
Mountain View,532,0,0,0,0,0,11,5,4,2,0
Mountain Village,"1,412",0,0,0,0,0,17,2,15,0,0
Mount Crested Butte,833,2,0,1,0,1,23,4,19,0,0
Nederland,"1,534",2,0,0,1,1,25,3,19,3,0
New Castle,"4,706",3,0,1,0,2,43,4,34,5,1
Northglenn,"39,890",139,0,35,16,88,"1,353",164,897,292,7
Oak Creek,894,4,0,2,0,2,7,1,6,0,0
Ouray,"1,008",0,0,0,0,0,21,0,19,2,0
Pagosa Springs,"1,763",5,0,0,0,5,60,8,50,2,0
Palisade,"2,654",6,0,1,2,3,38,8,27,3,1
Palmer Lake,"2,621",0,0,0,0,0,0,0,0,0,0
Parachute,"1,110",10,0,1,1,8,21,7,12,2,0
Parker,"50,409",46,0,11,2,33,592,86,461,45,6
Pueblo,"109,927","1,081",9,171,224,677,"7,473","1,797","4,505","1,171",49
Rangely,"2,378",1,0,1,0,0,9,0,8,1,1
Rifle,"9,613",15,1,3,1,10,168,14,148,6,2
Salida,"5,516",7,0,3,1,3,186,15,157,14,0
Severance,"3,805",2,0,0,1,1,26,7,15,4,1
Sheridan,"6,113",20,1,3,5,11,465,48,364,53,2
Silt,"3,069",3,0,1,1,1,23,3,18,2,0
Simla,635,1,0,1,0,0,3,1,1,1,0
Snowmass Village,"2,935",1,0,0,0,1,49,0,48,1,0
Springfield,"1,385",1,0,0,0,1,14,7,6,1,0
Steamboat Springs,"12,512",31,0,8,2,21,299,40,253,6,1
Sterling,"14,087",47,0,22,2,23,495,91,375,29,5
Stratton,659,4,1,0,0,3,4,4,0,0,0
Telluride,"2,434",2,0,0,0,2,54,4,49,1,1
Thornton,"136,451",477,5,106,73,293,"4,309",525,"3,030",754,17
Timnath,"3,234",3,1,0,0,2,113,14,99,0,0
Trinidad,"7,990",32,0,3,12,17,490,151,321,18,7
Vail,"5,496",11,0,3,0,8,283,27,247,9,1
Walsenburg,"2,871",21,0,4,8,9,196,76,107,13,3
Westminster,"114,514",269,4,50,71,144,"4,004",377,"2,890",737,12
Wheat Ridge,"31,389",110,0,28,16,66,"1,490",207,"1,047",236,12
Windsor,"22,404",3,0,1,1,1,239,36,193,10,0
Woodland Park,"7,226",17,0,3,1,13,144,12,126,6,0
Wray,"2,382",0,0,0,0,0,9,2,7,0,0
Yuma,"3,612",0,0,0,0,0,0,0,0,0,0
Adel,"4,356",20,0,3,0,17,183,116,62,5,3
Albia,"3,840",4,0,0,0,4,43,9,29,5,0
Algona,"5,453",17,0,3,0,14,39,7,28,4,0
Altoona,"17,503",31,0,1,8,22,523,58,450,15,5
Ames,"66,333",107,1,39,15,52,"1,077",164,867,46,1
Anamosa,"5,454",10,0,0,0,10,73,19,50,4,0
Ankeny,"59,236",128,2,18,8,100,756,238,468,50,5
Audubon,"1,988",2,0,0,1,1,19,3,16,0,0
Belmond,"2,303",0,0,0,0,0,5,2,2,1,0
Bettendorf4,"35,946",59,0,10,5,44,,,416,23,7
Bloomfield,"2,611",3,0,0,0,3,4,0,4,0,0
Blue Grass,"1,724",3,0,3,0,0,4,1,3,0,0
Boone,"12,702",48,0,1,2,45,169,50,112,7,2
Buffalo,"1,304",4,0,1,1,2,12,0,12,0,0
Burlington,"25,376",207,3,14,31,159,"1,026",247,713,66,10
Camanche,"4,320",12,0,0,0,12,69,19,42,8,0
Carlisle,"4,225",28,0,1,1,26,83,23,55,5,0
Carroll,"9,940",6,0,0,0,6,208,51,149,8,0
Carter Lake,"3,791",24,0,3,4,17,115,21,72,22,0
Cedar Falls,"41,651",66,0,20,9,37,708,118,559,31,3
Cedar Rapids,"131,181",387,4,67,100,216,"5,019",995,"3,670",354,19
Centerville,"5,343",17,0,1,0,16,251,119,122,10,2
Chariton,"4,194",11,0,0,0,11,114,30,78,6,2
Charles City,"7,417",21,0,9,0,12,143,26,111,6,0
Cherokee,"4,983",22,0,0,0,22,69,15,52,2,0
Clarinda,"5,386",28,0,2,0,26,183,43,128,12,2
Clarion,"2,752",4,0,1,0,3,13,6,5,2,0
Clear Lake,"7,555",26,0,0,0,26,189,48,137,4,1
Clinton,"25,906",229,0,20,28,181,"1,160",300,795,65,3
Clive5,"17,836",26,2,4,0,20,,51,,24,4
Coralville,"20,957",58,0,15,23,20,662,70,582,10,5
Council Bluffs,"62,642",150,4,27,55,64,"3,862",387,"3,043",432,16
Cresco,"3,826",1,0,1,0,0,29,8,21,0,0
Creston,"7,860",26,0,0,2,24,160,22,128,10,0
Davenport,"103,118",750,7,88,155,500,"5,001","1,155","3,436",410,8
Decorah,"7,864",11,0,3,0,8,76,3,70,3,0
Des Moines,"211,501","1,497",13,140,318,"1,026","8,881","1,944","5,920","1,017",44
De Witt,"5,226",7,0,1,0,6,82,35,44,3,0
Dubuque,"59,026",210,1,52,26,131,"1,832",408,"1,349",75,12
Dyersville,"4,231",7,0,1,0,6,38,5,32,1,0
Eagle Grove,"3,389",2,0,1,0,1,48,14,32,2,2
Eldridge,"6,348",6,0,0,1,5,14,4,8,2,0
Emmetsburg,"3,795",8,0,4,0,4,22,7,14,1,0
Estherville,"5,947",21,0,2,1,18,105,40,63,2,0
Evansdale,"4,824",12,0,3,1,8,101,36,61,4,0
Fairfield,"9,982",17,0,4,0,13,323,107,196,20,3
Forest City,"3,994",5,0,2,0,3,20,10,9,1,0
Fort Dodge,"24,557",144,1,19,22,102,979,96,840,43,8
Fort Madison,"10,654",53,1,4,7,41,358,25,306,27,6
Glenwood,"5,250",29,1,1,0,27,82,26,48,8,0
Grinnell,"9,127",76,0,9,1,66,269,90,173,6,1
Grundy Center,"2,715",1,0,0,0,1,6,1,4,1,0
Hampton,"4,256",6,0,2,1,3,14,3,8,3,0
Hawarden,"2,552",4,0,0,0,4,21,9,12,0,0
Hiawatha,"7,235",17,1,3,2,11,163,52,96,15,3
Humboldt,"4,579",3,0,0,0,3,32,4,24,4,0
Indianola,"15,601",93,1,17,0,75,350,60,278,12,4
Iowa City,"75,527",197,0,39,43,115,"1,551",294,"1,169",88,1
Iowa Falls,"5,186",2,0,0,1,1,106,13,86,7,0
Jefferson,"4,176",6,0,0,1,5,140,40,97,3,1
Johnston,"21,635",26,0,5,3,18,226,40,172,14,0
Keokuk,"10,577",76,1,2,5,68,536,153,336,47,0
Le Claire,"4,029",8,0,2,0,6,13,4,9,0,0
Le Mars,"9,750",10,1,0,0,9,223,61,144,18,4
Leon,"1,890",6,0,0,0,6,10,3,6,1,1
Manchester,"5,051",5,0,1,0,4,115,32,80,3,0
Maquoketa,"5,961",18,0,4,2,12,163,67,91,5,1
Marengo,"2,511",8,0,0,0,8,6,1,4,1,0
Marion,"37,845",71,0,14,8,49,604,142,428,34,5
Marshalltown,"27,628",163,1,15,14,133,813,181,572,60,15
Mason City,"27,230",37,3,2,5,27,"1,122",264,837,21,1
Missouri Valley,"2,668",2,0,0,0,2,57,15,37,5,2
Monticello,"3,832",30,0,1,2,27,80,14,62,4,0
Mount Pleasant4,"8,389",12,0,1,0,11,,,128,18,2
Mount Vernon4,"4,482",3,0,2,0,1,,,24,2,0
Muscatine,"24,010",158,0,11,8,139,531,114,382,35,17
New Hampton,"3,430",7,0,2,0,5,20,7,12,1,0
Newton,"15,102",54,0,10,5,39,461,102,335,24,1
North Liberty,"16,458",52,0,18,2,32,121,32,86,3,0
Norwalk,"10,371",16,0,2,3,11,87,19,67,1,1
Oelwein,"6,104",22,0,5,1,16,94,23,67,4,0
Ogden,"2,041",4,0,0,0,4,13,4,9,0,1
Onawa,"2,859",14,0,4,0,10,69,23,44,2,1
Orange City,"6,225",2,0,0,0,2,48,17,30,1,0
Osage,"3,659",12,0,0,0,12,50,7,40,3,0
Osceola,"4,976",6,0,0,0,6,94,12,74,8,2
Oskaloosa,"11,626",49,0,8,7,34,302,70,219,13,1
Ottumwa,"24,543",101,1,20,8,72,"1,074",230,753,91,9
Pella,"10,368",10,0,5,0,5,105,22,73,10,1
Perry,"8,160",33,3,0,2,28,195,54,122,19,3
Pleasant Hill5,"9,415",26,0,4,1,21,,76,,20,0
Prairie City,"1,715",2,1,0,0,1,54,46,7,1,0
Red Oak,"5,424",21,0,3,1,17,172,54,101,17,3
Rock Valley,"3,762",0,0,0,0,0,25,15,10,0,0
Sergeant Bluff,"4,579",13,0,0,0,13,48,10,33,5,0
Sheldon,"5,067",13,0,2,0,11,53,16,33,4,0
Shenandoah,"4,996",8,0,1,0,7,43,11,29,3,1
Sigourney,"1,995",4,0,1,0,3,19,7,12,0,1
Sioux Center,"7,544",2,0,0,0,2,11,6,5,0,0
Sioux City,"82,819",365,1,40,59,265,"3,247",592,"2,363",292,13
Spencer,"11,211",9,0,9,0,0,230,49,177,4,1
Spirit Lake,"5,049",19,0,4,2,13,152,30,120,2,2
State Center,"1,470",2,0,0,0,2,6,3,3,0,0
Storm Lake,"10,959",58,0,8,0,50,320,107,207,6,2
Story City,"3,439",4,0,1,0,3,40,7,28,5,0
Tama,"2,809",14,0,1,1,12,25,8,13,4,0
Tipton,"3,196",9,0,0,0,9,21,3,18,0,0
Toledo,"2,176",7,0,0,0,7,45,12,31,2,0
Urbandale,"45,012",67,1,9,8,49,700,175,480,45,4
Vinton,"5,128",9,0,1,0,8,18,5,12,1,0
Walcott,"1,639",4,0,0,0,4,15,5,10,0,1
Washington,"7,437",43,0,7,0,36,88,20,61,7,1
Waterloo,"68,470",507,3,56,61,387,"2,120",614,"1,368",138,24
Waukon,"3,701",7,0,1,0,6,55,9,41,5,1
Waverly,"10,104",114,0,4,1,109,118,25,91,2,0
Webster City,"7,768",24,0,3,0,21,126,19,100,7,0
West Branch,"2,340",7,0,1,0,6,10,2,7,1,0
West Burlington4,"3,055",8,0,0,1,7,,,288,8,3
West Des Moines,"65,631",149,1,24,19,105,"1,513",147,"1,296",70,7
West Liberty,"3,723",11,0,6,0,5,28,9,18,1,0
Williamsburg,"3,221",1,0,0,0,1,23,3,18,2,0
Wilton,"2,808",2,0,0,0,2,13,2,10,1,0
Windsor Heights,"4,893",7,0,2,1,4,222,25,195,2,1
Winterset,"5,170",13,0,1,0,12,83,21,59,3,0
Abingdon,"8,105",11,0,3,1,7,179,13,158,8,0
Alexandria,"155,319",286,7,21,134,124,"2,798",184,"2,343",271,9
Altavista,"3,478",4,1,1,1,1,102,5,97,0,0
Amherst,"2,206",1,0,0,0,1,9,2,7,0,0
Appalachia,"1,655",7,0,3,1,3,18,5,12,1,0
Ashland,"7,559",24,0,5,5,14,215,11,197,7,0
Bedford,"6,556",11,0,4,0,7,284,9,271,4,5
Berryville,"4,323",4,0,0,1,3,44,10,32,2,0
Big Stone Gap,"5,378",5,0,0,1,4,154,19,133,2,0
Blacksburg,"44,528",43,0,19,3,21,409,62,333,14,1
Blackstone,"3,467",5,0,2,1,2,121,10,103,8,0
Bluefield,"5,247",12,0,5,0,7,265,19,240,6,3
Bowling Green,"1,169",0,0,0,0,0,0,0,0,0,0
Boykins,539,0,0,0,0,0,8,1,6,1,0
Bridgewater,"5,939",1,0,1,0,0,17,4,13,0,0
Bristol,"16,908",37,1,9,7,20,432,56,338,38,2
Broadway,"3,831",1,0,0,0,1,49,18,31,0,0
Brookneal,"1,120",1,0,0,0,1,30,4,26,0,0
Buena Vista,"6,576",3,0,1,0,2,55,7,47,1,0
Burkeville,408,0,0,0,0,0,12,1,11,0,0
Cape Charles,"1,019",0,0,0,0,0,7,2,4,1,0
Charlottesville,"46,979",245,1,36,43,165,"1,228",170,983,75,1
Chase City,"2,285",4,1,1,1,1,39,8,31,0,0
Chatham,"1,482",0,0,0,0,0,17,0,17,0,0
Chesapeake,"236,570",969,14,78,215,662,"6,001",743,"4,938",320,21
Chilhowie,"1,733",0,0,0,0,0,18,3,15,0,0
Chincoteague,"2,909",10,0,3,0,7,63,14,46,3,0
Christiansburg,"22,134",35,0,12,3,20,575,62,505,8,0
Clarksville,"1,199",2,0,0,2,0,9,3,6,0,0
Clifton Forge,"3,713",9,0,1,0,8,56,3,51,2,1
Clintwood,"1,309",2,0,0,0,2,29,1,28,0,0
Coeburn,"1,982",5,0,2,1,2,29,3,25,1,0
Colonial Beach,"3,589",7,0,3,0,4,77,11,56,10,0
Colonial Heights,"17,814",58,0,22,19,17,816,45,751,20,2
Covington,"5,570",8,0,0,0,8,121,10,110,1,2
Crewe,"2,225",8,0,0,1,7,44,7,35,2,0
Culpeper,"17,733",43,1,6,11,25,338,17,311,10,1
Damascus,799,2,0,0,0,2,29,1,27,1,0
Danville,"41,686",335,16,31,76,212,"1,529",259,"1,197",73,8
Dayton,"1,598",0,0,0,0,0,14,2,11,1,0
Dublin,"2,719",5,0,0,1,4,36,9,27,0,0
Dumfries,"5,263",0,0,0,0,0,75,7,62,6,0
Elkton,"2,826",5,0,1,0,4,19,4,13,2,0
Emporia,"5,382",34,0,5,10,19,263,30,228,5,0
Exmore,"1,443",5,0,1,0,4,19,1,17,1,0
Fairfax City,"24,173",23,0,7,8,8,407,33,354,20,8
Falls Church,"14,124",27,0,4,14,9,219,10,190,19,0
Farmville,"8,159",19,0,4,4,11,232,14,217,1,0
Franklin,"8,423",24,1,5,8,10,310,28,274,8,2
Fredericksburg,"28,823",104,2,8,19,75,"1,040",60,941,39,6
Front Royal,"15,193",44,0,20,8,16,330,25,293,12,2
Galax,"6,858",21,2,6,1,12,220,30,185,5,0
Gate City,"1,937",0,0,0,0,0,31,3,26,2,2
Glasgow,"1,116",0,0,0,0,0,2,0,2,0,0
Glen Lyn,116,0,0,0,0,0,6,1,5,0,0
Gordonsville,"1,595",1,0,1,0,0,16,3,10,3,0
Gretna,"1,243",1,0,1,0,0,9,2,4,3,0
Grottoes,"2,776",2,0,1,0,1,26,2,24,0,0
Grundy,970,0,0,0,0,0,29,3,26,0,0
Halifax,"1,243",1,0,1,0,0,4,1,3,0,0
Hampton,"135,504",442,24,40,180,198,"4,650",589,"3,741",320,14
Harrisonburg,"52,972",117,2,25,29,61,"1,099",165,894,40,3
Haymarket,"2,019",0,0,0,0,0,8,1,6,1,0
Haysi,470,0,0,0,0,0,4,3,1,0,0
Herndon,"24,806",51,0,9,15,27,381,34,335,12,0
Hillsville,"2,666",2,0,1,0,1,80,12,60,8,0
Honaker,"1,382",9,0,0,2,7,17,6,11,0,1
Hopewell,"22,204",103,4,2,44,53,641,153,442,46,1
Hurt,"1,269",1,0,0,0,1,3,0,3,0,0
Independence,923,1,0,1,0,0,9,1,8,0,0
Jonesville,968,0,0,0,0,0,2,0,2,0,0
Kenbridge,"1,220",3,1,0,0,2,1,0,0,1,0
Kilmarnock,"1,428",2,0,0,0,2,32,12,20,0,0
La Crosse,586,0,0,0,0,0,1,0,1,0,0
Lawrenceville,"1,019",1,0,0,0,1,12,7,5,0,0
Lebanon,"3,323",7,0,2,0,5,132,3,127,2,0
Leesburg,"53,016",109,3,29,12,65,820,18,770,32,0
Lexington,"7,264",10,0,2,0,8,77,10,66,1,0
Louisa,"1,633",1,0,0,0,1,45,1,42,2,0
Luray,"4,817",4,0,1,0,3,108,12,93,3,0
Lynchburg,"80,215",298,2,33,57,206,"1,802",262,"1,428",112,5
Manassas,"42,267",123,1,21,27,74,815,92,677,46,9
Manassas Park,"15,912",24,0,8,6,10,160,14,135,11,0
Marion,"5,956",46,0,7,2,37,261,33,212,16,2
Martinsville,"13,553",28,0,0,2,26,366,50,286,30,4
Middleburg,835,0,0,0,0,0,18,0,18,0,0
Middletown,"1,324",0,0,0,0,0,12,2,9,1,0
Mount Jackson,"2,051",3,0,2,0,1,28,4,23,1,0
Narrows,"1,940",1,0,0,0,1,2,0,2,0,0
New Market,"2,220",1,0,0,0,1,25,1,22,2,1
Newport News,"181,676",848,30,71,269,478,"5,579",902,"4,097",580,51
Norfolk,"245,734","1,616",46,131,489,950,"9,617","1,165","7,918",534,20
Norton,"3,911",16,0,7,0,9,144,6,136,2,3
Occoquan,"1,042",0,0,0,0,0,0,0,0,0,0
Onancock,"1,260",5,0,2,2,1,25,5,17,3,0
Onley,516,0,0,0,0,0,12,1,11,0,0
Orange,"4,992",10,0,5,2,3,87,11,72,4,1
Parksley,840,4,0,0,1,3,11,2,9,0,0
Pearisburg,"2,655",3,0,1,2,0,76,8,66,2,1
Pembroke,"1,073",0,0,0,0,0,21,3,15,3,0
Pennington Gap,"1,793",2,0,0,0,2,33,8,25,0,0
Petersburg,"32,293",239,11,6,67,155,"1,072",230,742,100,1
Pocahontas,376,0,0,0,0,0,2,1,1,0,0
Poquoson,"11,975",20,0,3,1,16,171,38,129,4,0
Portsmouth,"95,813",758,14,61,235,448,"5,373","1,208","3,707",458,9
Pound,957,2,0,0,0,2,13,3,10,0,0
Pulaski,"8,855",32,0,17,2,13,251,36,204,11,0
Purcellville,"9,547",3,0,0,0,3,54,7,47,0,0
Quantico,548,0,0,0,0,0,3,1,2,0,0
Radford,"17,504",83,1,22,8,52,316,60,244,12,6
Remington,634,1,0,0,0,1,0,0,0,0,0
Rich Creek,744,4,0,2,1,1,26,5,20,1,0
Richlands,"5,443",8,0,3,3,2,111,21,86,4,1
Roanoke,"99,978",413,13,36,117,247,"4,195",423,"3,549",223,29
Rocky Mount,"4,803",14,0,2,2,10,184,7,172,5,3
Salem,"25,396",24,0,5,6,13,527,26,466,35,1
Saltville,"2,022",0,0,0,0,0,29,3,23,3,0
Shenandoah,"2,334",1,0,1,0,0,42,4,32,6,0
Smithfield,"8,418",7,0,1,2,4,151,14,128,9,0
South Boston,"7,944",37,1,4,8,24,315,79,229,7,2
South Hill,"4,503",13,0,4,3,6,125,7,115,3,1
Stanley,"1,649",1,0,1,0,0,25,3,22,0,0
Staunton,"24,399",41,2,7,7,25,528,34,474,20,4
Stephens City,"1,962",3,0,1,2,0,26,9,17,0,0
St. Paul,910,5,0,2,1,2,37,4,31,2,0
Strasburg,"6,622",10,0,5,1,4,79,13,64,2,0
Suffolk,"88,342",246,4,33,59,150,"2,141",302,"1,746",93,8
Tappahannock,"2,387",15,0,1,2,12,79,4,70,5,0
Tazewell,"4,378",12,0,4,0,8,80,28,51,1,1
Timberville,"2,618",2,0,0,0,2,33,3,30,0,1
Victoria,"1,668",6,0,1,1,4,21,6,15,0,0
Vienna,"16,679",7,0,5,0,2,169,15,145,9,1
Vinton,"8,266",18,0,2,5,11,214,15,185,14,2
Virginia Beach,"453,017",700,21,128,266,285,"9,858",865,"8,485",508,70
Warrenton,"9,953",12,0,6,0,6,215,7,206,2,0
Warsaw,"1,492",1,0,0,0,1,12,2,10,0,0
Waverly,"2,057",5,0,0,0,5,35,13,17,5,1
Waynesboro,"21,464",40,1,12,6,21,486,40,424,22,3
Weber City,"1,251",1,0,1,0,0,21,1,19,1,0
West Point,"3,336",3,0,0,1,2,21,4,14,3,0
White Stone,339,0,0,0,0,0,2,0,2,0,0
Williamsburg,"15,256",25,0,9,9,7,230,10,211,9,0
Winchester,"27,363",61,1,27,16,17,776,122,638,16,1
Windsor,"2,681",8,0,1,0,7,25,2,23,0,0
Wise,"3,093",7,0,2,0,5,32,8,24,0,0
Woodstock,"5,277",9,0,5,0,4,123,9,111,3,2
Wytheville,"8,097",16,1,1,2,12,224,9,209,6,1
"Abington Township, Montgomery County","55,623",49,0,5,28,16,"1,089",84,977,28,3
Adamstown,"1,848",1,0,0,0,1,17,6,11,0,0
"Adams Township, Butler County","13,531",5,0,1,0,4,46,2,44,0,0
Akron,"4,014",5,0,1,0,4,29,6,23,0,1
Albion,"1,459",7,0,1,0,6,25,12,13,0,1
Aldan,"4,168",7,0,1,1,5,80,7,72,1,1
Aleppo Township,"1,903",0,0,0,0,0,4,0,4,0,0
"Allegheny Township, Blair County","6,652",29,0,1,1,27,158,1,153,4,2
"Allegheny Township, Westmoreland County","8,213",7,0,0,2,5,75,17,58,0,0
Allentown,"120,615",552,10,55,274,213,"3,337",668,"2,387",282,18
Altoona,"45,158",156,1,23,37,95,821,169,619,33,7
Ambler,"6,517",10,2,3,1,4,67,3,61,3,0
Ambridge,"6,822",94,0,0,17,77,240,64,169,7,1
Amity Township,"12,884",9,1,2,4,2,99,23,75,1,0
Annville Township,"4,835",15,0,0,1,14,48,4,42,2,1
Apollo,"1,577",1,0,1,0,0,11,2,9,0,0
Archbald,"6,951",12,0,0,1,11,61,12,49,0,0
Armagh Township,"3,813",2,0,1,0,1,20,5,14,1,0
Ashley,"2,714",4,0,1,1,2,68,10,56,2,0
Aspinwall,"2,756",1,0,0,0,1,38,4,33,1,0
Aston Township,"16,828",7,1,0,5,1,184,21,154,9,1
Athens,"3,234",5,0,3,0,2,42,0,41,1,0
Athens Township,"5,058",5,0,2,3,0,185,9,175,1,0
Avalon,"4,630",21,0,0,2,19,72,4,62,6,0
Avis,"1,513",0,0,0,0,0,4,0,4,0,0
Avoca,"2,661",2,0,0,1,1,26,3,22,1,0
Avonmore Boro,976,0,0,0,0,0,0,0,0,0,0
Baden,"4,018",5,0,1,0,4,33,2,31,0,0
Baldwin Borough,"19,828",13,0,1,6,6,165,48,102,15,0
Bally,"1,105",1,0,0,0,1,0,0,0,0,0
Bangor,"5,189",37,0,1,3,33,80,11,64,5,1
Beaver,"4,399",8,0,1,2,5,85,5,76,4,1
Beaver Falls,"8,598",29,1,0,10,18,318,34,266,18,2
Bedford,"2,724",7,0,0,2,5,30,2,27,1,1
Bedminster Township,"7,123",2,0,0,0,2,29,8,20,1,0
Bell Acres,"1,396",0,0,0,0,0,5,1,4,0,0
Bellevue,"8,229",24,2,2,10,10,183,31,141,11,0
Bellwood,"1,779",2,0,0,0,2,39,3,35,1,0
Ben Avon,"1,776",0,0,0,0,0,26,2,24,0,0
Ben Avon Heights,377,0,0,0,0,0,9,1,8,0,0
Bensalem Township,"60,362",71,1,4,34,32,"1,626",122,"1,436",68,8
Berlin,"2,003",1,0,0,0,1,4,1,3,0,0
Bern Township,"6,967",5,0,0,2,3,66,4,59,3,0
Berwick,"10,170",25,0,6,2,17,240,23,211,6,1
Bethel Park,"32,077",22,0,0,7,15,308,23,282,3,1
"Bethel Township, Berks County","4,136",0,0,0,0,0,14,1,10,3,0
Bethlehem5,"74,869",,4,21,58,,"1,487",213,"1,226",48,7
Bethlehem Township,"23,869",31,0,6,4,21,384,29,345,10,4
Biglerville,"1,211",0,0,0,0,0,12,0,12,0,0
Birdsboro,"5,158",7,0,1,0,6,64,13,50,1,1
Birmingham Township,"4,272",0,0,0,0,0,16,2,13,1,0
Blairsville,"3,304",9,0,0,0,9,87,13,73,1,0
Blair Township,"4,564",0,0,0,0,0,36,5,30,1,0
Blakely,"6,289",5,0,0,1,4,68,8,59,1,0
Blawnox,"1,413",3,0,0,0,3,1,0,1,0,0
Blossburg,"1,512",1,0,0,0,1,4,1,3,0,0
Boyertown,"4,043",9,0,1,1,7,139,16,119,4,0
Brackenridge,"3,201",14,1,1,4,8,67,6,59,2,1
Braddock,"2,122",11,0,0,1,10,4,0,4,0,0
Braddock Hills,"1,857",3,0,0,0,3,22,4,18,0,0
Bradford,"8,459",81,0,4,2,75,239,27,205,7,4
Bradford Township,"4,814",9,0,0,0,9,15,2,13,0,1
"Brecknock Township, Berks County","4,636",1,0,0,0,1,31,10,20,1,1
Brentwood,"9,486",22,0,0,2,20,208,38,162,8,0
Briar Creek Township,"3,005",1,0,0,0,1,27,6,21,0,0
Bridgeville,"5,081",6,0,1,4,1,118,11,106,1,0
Bridgewater,690,3,0,0,0,3,16,3,13,0,0
Brighton Township,"8,434",6,0,0,0,6,22,4,18,0,0
Bristol,"9,539",17,1,1,6,9,210,26,172,12,0
Bristol Township,"53,978",103,1,14,50,38,"1,176",157,943,76,8
Brockway,"2,034",4,0,0,0,4,22,5,16,1,0
Brookhaven,"8,090",15,0,0,8,7,80,8,71,1,0
Brookville,"3,855",6,0,0,0,6,38,3,34,1,0
Brownsville,"2,285",9,0,1,3,5,31,5,22,4,0
Bryn Athyn,"1,397",0,0,0,0,0,10,0,10,0,0
Buckingham Township,"20,440",3,0,2,0,1,91,5,81,5,0
Buffalo Township,"7,258",8,1,1,0,6,86,11,72,3,0
Buffalo Valley Regional,"12,284",3,0,0,1,2,104,18,86,0,1
Burgettstown,"1,345",4,1,1,1,1,36,11,23,2,0
Bushkill Township,"8,430",15,0,0,1,14,31,1,29,1,0
"Butler Township, Butler County","16,713",25,0,1,5,19,374,26,342,6,1
"Butler Township, Luzerne County","9,713",19,0,1,0,18,72,18,53,1,0
"Butler Township, Schuylkill County","5,657",3,0,0,2,1,18,5,13,0,0
"Caernarvon Township, Berks County","4,074",4,0,0,1,3,82,10,68,4,0
California,"7,004",11,0,2,1,8,87,6,80,1,1
Callery,389,0,0,0,0,0,0,0,0,0,0
Caln Township,"14,167",53,0,4,7,42,356,17,329,10,0
Cambria Township,"5,885",5,0,2,0,3,81,2,76,3,0
Cambridge Springs,"2,528",2,0,0,0,2,3,1,2,0,0
Camp Hill,"7,929",4,0,0,3,1,57,7,49,1,0
Canonsburg,"8,909",10,0,0,2,8,49,4,45,0,0
Canton,"1,910",3,0,0,0,3,14,3,11,0,0
Carbondale,"8,503",4,0,1,1,2,90,12,73,5,0
Carlisle,"19,225",25,1,7,11,6,400,44,345,11,2
Carnegie,"7,923",7,0,0,1,6,135,22,98,15,0
Carrolltown,810,4,0,0,0,4,8,0,8,0,0
"Carroll Township, Washington County","5,539",9,0,0,0,9,50,9,36,5,0
"Carroll Township, York County","6,309",4,0,1,0,3,63,8,55,0,0
Carroll Valley,"3,954",2,0,2,0,0,35,0,35,0,0
Cass Township,"1,900",1,0,0,0,1,4,1,1,2,0
Castle Shannon,"8,219",12,0,1,4,7,62,14,44,4,0
Catasauqua,"6,543",6,0,0,3,3,71,9,57,5,0
Catawissa,"1,506",3,0,0,0,3,16,2,14,0,0
Cecil Township,"12,059",3,1,0,0,2,69,11,56,2,0
Center Township,"11,750",33,0,0,5,28,346,19,321,6,1
Central Berks Regional,"9,458",12,0,4,3,5,202,26,161,15,3
Central Bucks Regional,"15,380",12,0,4,2,6,145,8,128,9,0
Chambersburg,"20,770",87,2,14,27,44,630,83,527,20,5
Charleroi Regional,"6,630",35,0,2,15,18,222,21,198,3,0
Chartiers Township,"7,960",6,0,1,0,5,57,12,42,3,2
Cheltenham Township,"37,064",61,2,2,41,16,944,121,789,34,5
Cherry Tree,350,0,0,0,0,0,0,0,0,0,0
Chester,"34,109",536,23,30,210,273,"1,049",300,649,100,21
Chester Township,"4,130",41,0,1,10,30,95,25,55,15,0
Cheswick,"1,727",0,0,0,0,0,18,3,14,1,0
Chippewa Township,"8,192",4,0,0,3,1,198,6,188,4,0
Christiana,"1,171",6,0,0,0,6,15,0,14,1,0
Churchill,"2,973",26,0,0,0,26,22,5,15,2,0
Clarion,"6,284",3,0,1,1,1,46,6,38,2,1
Clarks Summit,"6,336",6,0,0,3,3,22,2,20,0,0
Clearfield,"5,996",56,0,0,3,53,173,14,156,3,0
Cleona,"2,146",0,0,0,0,0,10,2,7,1,0
Clifton Heights,"6,691",27,0,0,2,25,103,14,82,7,0
Coaldale,"2,181",4,0,0,0,4,7,0,7,0,0
Coal Township,"10,480",9,0,1,0,8,168,25,140,3,1
Coatesville,"13,157",111,8,1,38,64,329,52,251,26,2
Cochranton,"1,104",0,0,0,0,0,1,0,1,0,0
Colebrookdale District,"6,007",5,0,2,1,2,120,7,109,4,1
Collegeville,"5,327",5,0,1,2,2,45,11,33,1,2
Collier Township,"8,096",7,0,1,4,2,159,25,133,1,0
Collingdale,"8,794",89,0,1,15,73,219,36,159,24,0
Colonial Regional,"20,361",3,0,1,2,0,506,41,458,7,2
Columbia,"10,385",23,1,7,7,8,218,32,174,12,0
"Conemaugh Township, Cambria County","1,910",3,0,1,0,2,11,3,7,1,0
"Conemaugh Township, Somerset County","6,961",9,0,0,2,7,40,13,27,0,0
"Conewago Township, Adams County","7,200",5,1,1,0,3,48,5,43,0,0
Conewango Township,"3,422",11,0,0,0,11,86,6,79,1,1
Conneaut Lake Regional,"3,505",1,0,0,0,1,44,15,28,1,0
Connellsville,"7,492",25,0,5,11,9,299,53,239,7,4
Conoy Township,"3,472",1,0,0,0,1,40,5,35,0,0
Conshohocken,"7,979",2,1,0,1,0,102,5,84,13,2
Conway,"2,145",1,0,0,0,1,15,1,12,2,0
Conyngham,"1,874",0,0,0,0,0,17,2,15,0,0
Coopersburg,"2,428",1,0,0,0,1,26,6,16,4,0
Coplay,"3,236",2,0,0,0,2,49,9,39,1,0
Coraopolis,"5,573",41,0,3,5,33,141,28,106,7,0
Cornwall,"4,249",1,0,1,0,0,2,1,1,0,0
Corry,"6,384",35,0,3,0,32,198,21,173,4,0
Coudersport,"2,469",15,0,0,0,15,6,0,6,0,0
Courtdale,736,0,0,0,0,0,2,1,1,0,0
Covington Township,"2,265",3,0,0,0,3,53,14,38,1,2
Crafton,"6,316",19,0,0,5,14,234,17,212,5,0
Cranberry Township,"30,940",15,0,2,4,9,391,23,363,5,2
Crescent Township,"2,601",4,0,0,0,4,21,5,14,2,1
Cresson,"1,619",1,0,0,1,0,22,0,22,0,0
Cresson Township,"2,562",0,0,0,0,0,6,0,6,0,0
Croyle Township,"2,274",0,0,0,0,0,10,1,8,1,0
"Cumberland Township, Adams County","6,243",5,0,1,0,4,38,11,27,0,0
Cumru Township,"15,385",15,0,1,4,10,254,36,208,10,0
Curwensville,"2,461",15,0,3,0,12,29,6,22,1,1
Dallas,"2,779",6,0,1,0,5,21,1,20,0,0
Dalton,"1,204",1,0,0,0,1,32,7,24,1,0
Danville,"4,686",23,0,1,2,20,84,4,79,1,0
Darby,"10,687",228,3,5,69,151,398,110,248,40,0
Darby Township,"9,329",38,0,1,14,23,148,12,129,7,0
Darlington Township,"1,921",1,0,0,0,1,33,10,23,0,0
Delano Township,423,0,0,0,0,0,0,0,0,0,0
Delaware Water Gap,707,0,0,0,0,0,0,0,0,0,0
Delmont,"2,631",2,0,0,0,2,18,2,16,0,0
Denver,"3,877",6,0,3,3,0,28,2,25,1,0
"Derry Township, Dauphin County","25,044",26,0,3,3,20,349,49,293,7,4
Dickson City,"5,839",16,0,1,0,15,304,11,291,2,0
Dormont,"8,440",9,0,0,4,5,103,11,84,8,0
"Douglass Township, Berks County","3,554",0,0,0,0,0,21,2,16,3,0
"Douglass Township, Montgomery County","10,475",13,0,1,2,10,125,10,112,3,0
Downingtown,"7,957",16,0,0,3,13,189,13,166,10,0
Doylestown Township,"17,539",9,0,2,1,6,187,11,168,8,0
Dublin Borough,"2,171",4,0,0,0,4,12,0,12,0,0
Du Bois,"7,561",30,0,10,0,20,218,29,187,2,1
Duboistown,"1,208",0,0,0,0,0,0,0,0,0,0
Dunbar,"1,014",1,0,0,0,1,0,0,0,0,0
Duncansville,"1,198",0,0,0,0,0,14,3,11,0,0
Dunmore,"13,247",40,0,3,5,32,237,46,182,9,3
Dunnstable Township,"1,019",0,0,0,0,0,1,0,1,0,0
Dupont,"2,714",10,0,1,1,8,28,12,16,0,0
Duquesne,"5,528",69,0,10,21,38,230,94,114,22,8
Duryea,"4,935",20,0,2,2,16,67,8,55,4,1
Earl Township,"7,191",0,0,0,0,0,43,10,31,2,0
East Bangor,"1,655",0,0,0,0,0,15,3,12,0,0
East Bethlehem Township,"2,288",12,0,2,0,10,22,2,19,1,0
East Brandywine Township,"8,642",13,0,2,0,11,29,7,21,1,0
East Cocalico Township,"10,502",7,0,2,2,3,71,16,49,6,0
East Conemaugh,"1,448",5,0,0,0,5,21,9,12,0,0
East Coventry Township,"6,767",2,0,0,0,2,50,6,43,1,0
East Earl Township,"6,848",1,0,0,1,0,70,9,60,1,1
Eastern Adams Regional,"7,403",19,0,1,2,16,65,12,53,0,0
Eastern Pike Regional,"4,614",16,1,5,1,9,155,9,142,4,0
East Fallowfield Township,"7,590",2,0,0,0,2,39,9,30,0,0
East Franklin Township,"3,949",0,0,0,0,0,18,1,17,0,0
East Hempfield Township,"24,462",13,0,4,6,3,316,36,278,2,0
East Lampeter Township,"17,090",37,0,0,12,25,614,37,565,12,1
East Lansdowne,"2,665",12,0,0,6,6,88,12,72,4,3
East Marlborough Township,"7,334",0,0,0,0,0,38,3,35,0,0
East Norriton Township,"14,171",18,0,0,3,15,280,11,256,13,1
Easton,"26,938",74,1,7,34,32,445,47,366,32,5
East Pennsboro Township,"21,712",13,0,3,4,6,158,34,122,2,2
East Petersburg,"4,528",3,0,2,1,0,16,3,13,0,0
East Pikeland Township,"7,411",5,0,1,0,4,49,7,41,1,2
East Rochester,547,0,0,0,0,0,19,0,19,0,0
East Taylor Township,"2,577",3,0,1,2,0,8,3,4,1,0
Easttown Township,"10,644",1,0,0,0,1,98,9,84,5,0
East Union Township,"1,591",1,0,0,0,1,2,0,2,0,1
East Vincent Township,"6,938",2,0,1,0,1,43,9,34,0,1
East Washington,"1,959",8,0,0,0,8,24,4,20,0,0
East Whiteland Township,"10,711",6,0,0,1,5,120,12,106,2,0
Ebensburg,"3,175",7,0,0,0,7,21,1,18,2,0
Economy,"9,389",0,0,0,0,0,134,3,130,1,0
Eddystone,"2,407",13,0,0,7,6,277,11,264,2,0
Edgewood,"3,059",5,0,0,5,0,148,9,138,1,0
Edinboro,"6,316",6,0,1,0,5,60,13,45,2,0
Edwardsville,"4,716",16,0,2,0,14,156,7,149,0,0
Elderton,346,0,0,0,0,0,0,0,0,0,0
Elizabethtown,"11,592",12,0,7,1,4,192,16,176,0,1
Elizabeth Township,"13,216",4,0,0,1,3,124,44,78,2,0
Elkland,"1,771",8,0,0,3,5,55,13,42,0,0
Elk Lick Township,"2,143",0,0,0,0,0,0,0,0,0,0
Ellwood City,"7,561",26,0,0,3,23,147,15,125,7,1
Emlenton Borough,595,2,0,0,0,2,12,1,11,0,0
Emmaus,"11,398",6,1,0,4,1,156,21,130,5,0
Emporium,"1,908",5,0,0,0,5,39,2,37,0,1
Emsworth,"2,413",1,0,0,0,1,20,2,18,0,0
Ephrata,"13,955",30,0,3,6,21,172,20,147,5,0
Ephrata Township,"10,309",9,0,1,3,5,151,13,136,2,2
Erie,"99,019",353,10,46,115,182,"2,278",567,"1,607",104,29
Etna,"3,391",13,2,0,0,11,48,5,40,3,0
Everett,"1,745",1,0,1,0,0,18,0,14,4,0
"Exeter Township, Berks County","25,930",21,0,4,3,14,404,21,379,4,0
Fairfield,509,0,0,0,0,0,9,2,6,1,0
"Fairview Township, Luzerne County","4,486",0,0,0,0,0,36,6,28,2,0
"Fairview Township, York County","17,312",25,0,4,3,18,191,28,157,6,0
"Falls Township, Bucks County","33,823",68,3,9,21,35,722,85,596,41,0
Fawn Township,"2,348",0,0,0,0,0,14,3,7,4,0
Ferguson Township,"19,222",5,1,2,1,1,138,26,110,2,1
Findlay Township,"5,637",2,0,0,0,2,55,15,38,2,0
Fleetwood,"4,085",14,0,1,2,11,112,47,61,4,3
Ford City,"2,857",11,0,0,1,10,29,6,22,1,1
Forest City,"1,789",5,0,0,1,4,39,6,32,1,0
Forks Township,"15,390",6,0,3,2,1,92,11,79,2,0
Forty Fort,"4,109",7,0,0,1,6,50,4,44,2,0
"Foster Township, McKean County","4,191",2,0,0,0,2,54,3,51,0,0
"Foster Township, Schuykill County",253,1,0,0,0,1,4,0,4,0,0
Fountain Hill,"4,635",13,0,4,2,7,106,13,89,4,0
Fox Chapel,"5,381",1,0,0,0,1,34,5,27,2,0
Frackville,"3,715",4,0,0,1,3,22,3,16,3,0
Franconia Township,"13,272",6,0,0,0,6,90,11,78,1,0
Franklin,"6,255",17,0,1,1,15,129,22,102,5,1
Franklin Park,"14,600",1,0,0,1,0,76,27,48,1,0
"Franklin Township, Beaver County","3,970",4,0,0,1,3,47,4,43,0,1
"Franklin Township, Carbon County","4,134",15,0,0,0,15,38,11,25,2,1
"Franklin Township, Columbia County",588,0,0,0,0,0,0,0,0,0,0
Frazer Township,"1,159",2,0,1,1,0,228,3,224,1,0
Freedom,"1,521",8,0,1,1,6,26,6,19,1,0
Freedom Township,"3,418",1,0,0,0,1,69,4,64,1,1
Freemansburg,"2,611",2,0,0,0,2,17,3,13,1,0
Freeport,"1,730",1,0,1,0,0,4,0,4,0,0
Gaines Township,547,0,0,0,0,0,6,1,5,0,0
Galeton,"1,119",5,0,1,2,2,21,8,13,0,0
Gallitzin,"1,828",1,0,0,0,1,12,2,10,0,0
Gallitzin Township,"1,281",0,0,0,0,0,0,0,0,0,0
Garrett,432,0,0,0,0,0,2,0,2,0,0
Geistown,"2,353",0,0,0,0,0,2,0,2,0,0
Gettysburg,"7,608",31,0,4,1,26,106,14,90,2,3
Girard,"3,007",2,0,0,0,2,33,4,28,1,0
Girardville,"1,480",4,0,0,0,4,9,4,5,0,0
Glassport,"4,408",23,0,0,8,15,150,18,123,9,1
Glenolden,"7,177",8,0,1,4,3,163,16,143,4,1
Granville Township,"5,046",3,0,0,0,3,104,4,98,2,1
Great Bend,686,1,0,0,0,1,2,0,2,0,0
Greencastle,"4,051",5,0,0,1,4,30,4,26,0,0
"Greenfield Township, Blair County","4,075",4,0,0,0,4,24,2,22,0,1
Greensburg,"14,419",47,0,8,10,29,355,47,300,8,3
Green Tree,"5,089",7,1,0,0,6,50,14,36,0,0
Greenville,"5,794",15,0,1,0,14,100,18,77,5,1
Grove City,"8,169",4,0,0,2,2,105,15,88,2,0
Halifax,831,0,0,0,0,0,11,2,8,1,0
Hamburg,"4,420",20,0,0,0,20,77,16,56,5,1
Hampden Township,"29,684",11,0,2,6,3,235,30,202,3,0
Hanover,"15,537",23,0,0,9,14,418,43,371,4,2
"Hanover Township, Luzerne County","10,901",27,0,1,6,20,242,55,184,3,1
Harmar Township,"3,100",7,0,1,2,4,95,6,86,3,0
Harrisburg,"48,996",526,13,54,160,299,"1,342",404,803,135,27
Harrisville,876,0,0,0,0,0,2,0,2,0,0
Hartleton,285,0,0,0,0,0,0,0,0,0,0
Harveys Lake,"2,763",3,0,0,0,3,13,1,12,0,0
Hatfield Township,"20,925",16,0,2,8,6,259,59,184,16,0
Haverford Township,"49,168",25,0,5,10,10,696,62,605,29,0
Hawley,"1,140",1,0,0,1,0,4,0,4,0,0
Hazleton,"24,725",93,1,8,45,39,360,125,208,27,3
Hegins Township,"3,457",2,0,0,1,1,15,4,10,1,0
Heidelberg,"1,228",4,0,0,0,4,5,2,2,1,0
"Heidelberg Township, Berks County","1,740",3,0,0,0,3,3,1,2,0,0
Hellam Township,"8,666",15,0,2,1,12,51,11,37,3,0
Hellertown,"5,809",8,0,0,1,7,59,9,47,3,0
Hemlock Township,"2,266",0,0,0,0,0,113,6,106,1,0
"Hempfield Township, Mercer County","3,705",10,0,0,1,9,124,15,106,3,0
Hermitage,"15,958",30,1,0,6,23,487,45,429,13,0
Highspire,"2,374",9,0,0,3,6,85,10,75,0,0
Hilltown Township,"15,308",10,0,3,2,5,231,20,204,7,0
Hollidaysburg,"5,782",7,0,1,0,6,28,1,26,1,1
Homestead,"3,104",54,2,3,23,26,371,42,311,18,0
Honesdale,"4,185",7,0,2,3,2,84,22,61,1,1
Honey Brook,"1,766",2,0,0,0,2,0,0,0,0,0
Hopewell Township,"12,466",21,0,1,2,18,144,25,116,3,1
Horsham Township,"26,669",10,0,2,2,6,230,15,194,21,3
Houston,"1,260",1,0,0,1,0,20,2,17,1,0
Hughestown,"1,398",4,0,0,1,3,14,2,12,0,0
Hughesville,"2,093",3,0,0,1,2,15,0,15,0,0
Hulmeville,995,0,0,0,0,0,6,4,1,1,0
Hummelstown,"4,565",10,0,1,1,8,76,10,60,6,1
Huntingdon,"7,017",16,0,0,0,16,80,5,74,1,0
"Independence Township, Beaver County","2,442",1,0,0,1,0,9,3,6,0,0
"Independence Township, Washington County","1,513",0,0,0,0,0,5,0,5,0,0
Indiana Township,"7,267",0,0,0,0,0,35,9,22,4,0
Indian Lake,388,0,0,0,0,0,2,2,0,0,0
Ingram,"3,271",3,0,0,3,0,38,3,35,0,0
Irwin,"3,838",8,0,0,0,8,48,9,35,4,0
"Jackson Township, Butler County","3,708",3,0,0,0,3,21,13,8,0,0
"Jackson Township, Cambria County","4,180",3,0,0,0,3,2,0,2,0,0
"Jackson Township, Luzerne County","4,648",1,0,0,0,1,13,4,7,2,0
Jamestown,591,1,0,0,0,1,3,0,3,0,0
Jeannette,"9,274",10,0,0,3,7,78,16,62,0,0
Jefferson Hills Borough,"11,505",9,2,0,0,7,88,12,68,8,0
"Jefferson Township, Lackawanna County","3,675",0,0,0,0,0,6,0,6,0,0
"Jefferson Township, Mercer County","1,875",0,0,0,0,0,9,5,4,0,0
"Jefferson Township, Washington County","1,161",0,0,0,0,0,0,0,0,0,0
Jenkins Township,"4,453",2,0,0,1,1,64,16,42,6,0
Jennerstown,664,1,0,0,0,1,4,2,2,0,0
Jermyn,"2,082",10,0,0,0,10,34,10,23,1,0
Jessup,"4,460",10,0,0,0,10,18,3,15,0,3
Jim Thorpe,"4,614",18,0,2,1,15,99,18,79,2,0
Johnsonburg,"2,351",0,0,0,0,0,43,14,29,0,0
Johnstown,"21,227",100,5,2,20,73,633,198,416,19,4
Kane,"3,588",0,0,0,0,0,58,22,35,1,0
Kenhorst,"2,865",2,1,1,0,0,59,6,50,3,0
Kennett Square,"6,188",8,0,2,3,3,69,15,47,7,0
Kennett Township,"8,294",2,0,0,2,0,63,13,49,1,1
Kidder Township,"1,935",7,0,1,1,5,47,4,41,2,0
Kilbuck Township,689,0,0,0,0,0,8,0,8,0,0
Kingston,"12,894",34,0,2,15,17,232,30,196,6,3
Kingston Township,"6,963",12,1,0,0,11,45,4,40,1,0
Kiskiminetas Township,"4,611",3,0,0,2,1,18,3,15,0,0
Knox,"1,091",4,0,1,0,3,7,0,7,0,0
Kutztown,"5,032",14,0,2,1,11,93,15,73,5,0
Lake City,"2,952",8,1,0,0,7,39,6,33,0,0
Lancaster,"59,340",487,4,92,164,227,"2,164",255,"1,828",81,17
"Lancaster Township, Butler County","2,520",4,0,0,0,4,15,2,13,0,0
"Lancaster Township, Lancaster County","17,244",18,0,0,10,8,342,33,298,11,0
Lanesboro,474,0,0,0,0,0,0,0,0,0,0
Langhorne Manor,"1,429",0,0,0,0,0,7,2,5,0,0
Lansdale,"16,558",18,0,3,3,12,196,18,173,5,2
Lansdowne,"10,643",20,0,3,10,7,280,58,206,16,0
Lansford,"3,771",33,0,1,2,30,47,4,41,2,1
Latrobe,"8,032",26,1,3,2,20,132,16,112,4,0
Laureldale,"3,882",6,0,1,1,4,34,7,25,2,0
Lawrence Park Township,"3,830",4,0,0,0,4,7,0,6,1,0
"Lawrence Township, Clearfield County","7,489",61,0,1,0,60,150,10,137,3,5
"Lawrence Township, Tioga County","1,697",6,0,0,0,6,0,0,0,0,0
Lebanon,"25,549",60,1,3,16,40,619,129,441,49,6
Leetsdale,"1,195",2,0,1,1,0,47,12,32,3,0
Leet Township,"1,616",0,0,0,0,0,14,0,14,0,0
"Lehigh Township, Northampton County","10,344",11,0,0,0,11,83,17,64,2,0
"Lehigh Township, Wayne County","1,776",1,0,0,0,1,4,1,3,0,0
Lehman Township,"3,474",9,0,0,1,8,25,9,15,1,0
Lewistown,"8,260",25,0,2,0,23,288,36,247,5,0
Liberty,"2,514",2,0,0,0,2,4,1,2,1,0
Ligonier,"1,534",0,0,0,0,0,1,0,0,1,0
Limerick Township,"18,939",5,0,0,1,4,319,25,285,9,0
Linesville,990,1,0,0,0,1,4,1,3,0,0
Lititz,"9,232",2,0,1,1,0,37,3,33,1,2
Little Beaver Township,"1,357",0,0,0,0,0,0,0,0,0,0
Littlestown,"4,486",6,1,3,1,1,55,5,49,1,1
Lock Haven,"9,572",15,0,3,3,9,152,17,134,1,2
Locust Township,"1,414",2,0,2,0,0,18,6,12,0,1
Logan Township,"12,313",8,0,3,1,4,189,1,182,6,1
Loretto,"1,392",0,0,0,0,0,4,0,4,0,0
Lower Allen Township,"19,206",19,0,3,6,10,343,21,315,7,8
Lower Burrell,"11,408",20,0,1,0,19,146,14,128,4,0
Lower Frederick Township,"4,901",1,0,0,0,1,35,11,21,3,0
Lower Gwynedd Township,"11,574",17,0,0,1,16,144,16,119,9,0
Lower Heidelberg Township,"6,059",15,0,0,1,14,25,1,23,1,0
Lower Merion Township,"58,234",28,0,0,18,10,"1,068",136,882,50,0
Lower Moreland Township,"13,261",8,0,2,1,5,179,26,147,6,0
Lower Paxton Township,"48,582",74,0,22,12,40,643,79,545,19,9
Lower Pottsgrove Township,"12,194",12,0,1,1,10,193,21,164,8,0
Lower Providence Township,"26,333",57,0,4,7,46,265,38,214,13,1
Lower Salford Township,"15,415",10,0,0,2,8,63,6,57,0,0
Lower Saucon Township,"10,764",8,0,0,0,8,74,10,63,1,0
Lower Southampton Township,"19,185",60,0,2,12,46,325,38,281,6,1
Lower Swatara Township,"8,881",1,0,1,0,0,106,16,90,0,0
Lower Windsor Township,"7,486",3,0,0,1,2,57,6,43,8,0
Macungie,"3,146",0,0,0,0,0,11,4,5,2,0
Madison Township,"1,607",1,0,0,0,1,2,0,1,1,0
"Mahoning Township, Carbon County4","4,211",18,0,1,0,17,,11,,3,0
"Mahoning Township, Montour County","4,275",17,0,1,0,16,37,0,36,1,0
Malvern,"3,527",6,0,0,1,5,29,2,27,0,0
Manheim,"4,871",19,0,2,4,13,135,25,106,4,1
Manheim Township,"39,930",20,0,4,8,8,546,54,474,18,1
Manor,"3,310",3,0,0,1,2,17,2,14,1,0
"Manor Township, Lancaster County","20,778",33,0,4,1,28,153,13,134,6,1
Mansfield,"3,395",4,0,0,1,3,8,0,8,0,0
Marcus Hook,"2,397",25,0,1,3,21,58,8,47,3,0
Marietta,"2,612",2,0,1,0,1,36,9,27,0,0
"Marion Township, Beaver County",899,0,0,0,0,0,0,0,0,0,0
"Marion Township, Berks County","1,843",1,0,0,0,1,9,2,7,0,0
Marlborough Township,"3,332",3,0,0,0,3,13,3,10,0,0
Marple Township,"23,805",9,0,0,4,5,298,23,270,5,0
Martinsburg,"1,903",2,0,1,1,0,7,1,6,0,0
Marysville,"2,535",4,0,0,0,4,16,0,16,0,0
Masontown,"3,389",7,0,1,2,4,57,8,48,1,0
Mayfield,"1,723",0,0,0,0,0,0,0,0,0,0
McAdoo,"2,187",0,0,0,0,0,34,1,31,2,0
McCandless,"28,902",13,0,0,1,12,227,13,211,3,0
McDonald Borough,"2,085",1,0,0,0,1,43,4,38,1,0
McSherrystown,"3,072",3,0,0,0,3,23,2,21,0,0
Meadville,"12,999",26,0,1,12,13,233,35,191,7,1
Mechanicsburg,"9,003",6,0,0,2,4,140,15,124,1,3
Media,"5,370",34,0,2,5,27,58,3,54,1,1
Mercersburg,"1,557",2,0,1,0,1,22,6,16,0,0
Meshoppen,"1,452",16,0,0,0,16,46,8,35,3,0
Middleburg,"1,313",2,0,1,1,0,30,8,20,2,1
"Middlesex Township, Butler County","5,640",0,0,0,0,0,32,2,27,3,0
"Middlesex Township, Cumberland County","7,364",14,0,5,4,5,125,17,107,1,0
Middletown,"9,153",28,0,1,3,24,125,55,70,0,0
Middletown Township,"45,408",37,0,0,11,26,901,92,780,29,3
Midway,890,1,0,0,0,1,10,1,8,1,0
Mifflinburg,"3,516",6,0,0,0,6,12,3,9,0,0
Mifflin County Regional,"16,889",20,0,2,3,15,160,21,132,7,0
Milford,972,4,0,1,1,2,30,13,17,0,0
Millbourne,"1,162",11,0,0,6,5,28,9,19,0,0
"Millcreek Township, Lebanon County","5,600",1,0,0,0,1,13,3,9,1,0
Millersburg,"2,532",7,0,0,0,7,36,16,20,0,0
Millersville,"8,471",9,0,2,5,2,79,13,66,0,0
Mill Hall,"1,615",0,0,0,0,0,0,0,0,0,0
Millvale,"3,678",2,0,1,0,1,79,1,77,1,0
Millville,953,0,0,0,0,0,0,0,0,0,0
Minersville,"4,232",17,0,0,0,17,26,6,17,3,0
Mohnton,"3,034",2,0,0,0,2,27,8,19,0,0
Monaca,"5,631",14,0,0,5,9,75,22,46,7,0
Monessen,"7,438",64,0,1,8,55,148,29,110,9,1
Monongahela,"4,172",17,0,1,3,13,116,15,95,6,0
Monroeville,"28,142",71,0,5,11,55,524,25,478,21,1
Montgomery,"1,553",0,0,0,0,0,0,0,0,0,0
Montgomery Township,"26,272",13,0,0,6,7,386,15,368,3,2
Montoursville,"4,536",8,0,1,3,4,86,3,81,2,0
Montour Township,"1,314",3,0,0,1,2,8,0,7,1,0
Moon Township,"25,845",19,0,4,2,13,253,45,204,4,0
Moore Township,"9,235",8,0,1,0,7,67,7,56,4,0
Moosic,"5,758",22,0,0,3,19,198,25,162,11,0
Morrisville,"8,581",10,0,1,7,2,205,34,161,10,1
Morton,"2,700",4,0,0,2,2,86,7,79,0,0
Moscow,"1,947",3,0,1,0,2,8,2,6,0,0
Mount Carmel,"5,698",29,0,7,3,19,122,34,85,3,2
Mount Carmel Township,"3,057",8,0,0,1,7,19,1,18,0,0
Mount Gretna Borough,197,0,0,0,0,0,0,0,0,0,0
Mount Holly Springs,"2,038",4,0,0,1,3,27,3,23,1,0
Mount Joy,"8,204",30,0,6,1,23,110,15,92,3,5
Mount Lebanon,"32,692",27,0,4,8,15,343,37,297,9,0
Mount Oliver,"3,344",54,0,2,25,27,135,46,87,2,1
Mount Pleasant Township,"3,510",2,0,0,0,2,18,7,10,1,0
Mountville,"2,862",4,0,1,2,1,23,4,19,0,0
Muhlenberg Township,"20,181",24,0,0,9,15,515,83,424,8,0
Muncy Township,"1,091",0,0,0,0,0,95,2,93,0,0
Murrysville,"20,142",9,0,2,3,4,148,6,141,1,0
Nanticoke,"10,218",20,0,6,5,9,205,35,165,5,0
Nanty Glo,"2,575",0,0,0,0,0,5,2,3,0,0
Narberth,"4,314",5,0,1,2,2,25,0,23,2,0
Neshannock Township,"9,319",5,0,0,3,2,39,9,29,1,0
Neville Township,"1,065",1,0,0,0,1,29,1,28,0,0
New Beaver,"1,441",1,0,0,0,1,0,0,0,0,0
New Berlin,866,1,0,0,0,1,3,1,2,0,0
Newberry Township,"15,470",20,0,3,4,13,251,38,203,10,0
New Bethlehem,"2,741",2,0,1,0,1,1,0,1,0,0
New Brighton,"8,991",29,0,3,6,20,393,53,335,5,0
New Castle,"22,211",124,3,6,53,62,676,236,401,39,6
New Castle Township,390,0,0,0,0,0,2,0,2,0,0
New Cumberland,"7,297",3,0,2,0,1,63,6,55,2,0
New Garden Township,"12,113",10,0,0,2,8,88,15,66,7,0
New Hanover Township,"12,814",3,0,0,0,3,53,6,43,4,2
New Holland,"5,439",1,0,0,1,0,80,5,69,6,0
New Hope,"2,507",8,0,1,1,6,29,3,24,2,0
New Sewickley Township,"7,454",3,0,0,1,2,114,23,85,6,0
"Newtown Township, Bucks County","22,914",8,0,2,0,6,183,21,158,4,0
"Newtown Township, Delaware County","12,864",11,0,4,3,4,94,12,78,4,0
New Wilmington,"2,190",1,0,0,0,1,22,0,22,0,0
Norristown,"34,425",148,2,2,83,61,618,95,465,58,0
Northampton,"9,846",7,1,0,1,5,109,12,92,5,1
Northampton Township,"39,559",6,0,1,0,5,222,16,192,14,0
North Beaver,"3,993",0,0,0,0,0,5,1,3,1,0
North Belle Vernon,"1,892",10,0,0,1,9,60,5,52,3,0
North Braddock,"4,773",7,0,0,0,7,7,4,2,1,0
North Catasauqua,"2,824",5,0,1,0,4,40,5,32,3,1
North Cornwall Township,"7,811",19,0,0,2,17,160,10,148,2,0
North Coventry Township,"8,054",2,0,0,0,2,204,22,177,5,2
"Northeast, Bradford County",414,0,0,0,0,0,1,1,0,0,0
"North East, Erie County","4,148",7,0,3,0,4,111,9,99,3,0
Northeastern Regional,"11,655",23,0,5,0,18,133,11,120,2,10
Northern Berks Regional,"13,228",4,0,1,2,1,137,35,93,9,1
Northern Cambria Borough,"3,625",8,0,0,0,8,28,9,18,1,1
Northern Lancaster County Regional,"34,756",7,0,0,1,6,233,30,192,11,0
Northern Regional,"34,787",2,0,0,0,2,194,0,192,2,0
Northern York Regional,"68,894",50,2,3,8,37,737,85,615,37,7
North Franklin Township,"4,601",10,0,2,2,6,131,12,118,1,0
North Hopewell Township,"2,798",2,0,1,0,1,11,2,9,0,0
North Huntingdon Township,"30,787",14,0,4,0,10,541,42,472,27,0
North Lebanon Township,"11,839",15,0,0,3,12,261,32,224,5,0
North Londonderry Township,"8,420",0,0,0,0,0,190,12,178,0,0
North Middleton Township,"11,542",9,0,1,0,8,107,6,100,1,1
North Sewickley Township,"5,513",10,0,0,0,10,66,11,51,4,0
North Strabane Township,"14,523",10,0,1,1,8,127,20,100,7,3
Northumberland,"3,715",1,0,0,0,1,43,8,34,1,0
North Versailles Township,"12,322",41,0,2,6,33,260,25,228,7,1
North Wales,"3,254",8,1,0,0,7,54,7,47,0,0
Northwest Lancaster County Regional,"19,732",7,0,4,1,2,146,0,144,2,0
Norwood,"5,899",6,0,0,2,4,63,4,57,2,0
Oakdale,"1,472",0,0,0,0,0,0,0,0,0,0
Oakland,574,0,0,0,0,0,3,3,0,0,0
Oakmont,"6,472",9,1,2,0,6,90,32,55,3,0
O'Hara Township,"8,591",2,0,0,0,2,34,6,24,4,0
Ohio Township,"6,401",0,0,0,0,0,92,4,88,0,0
Ohioville,"3,461",10,0,0,0,10,19,3,16,0,0
Oil City,"10,057",30,0,4,0,26,164,5,158,1,3
Old Forge,"7,996",13,0,0,5,8,106,21,82,3,0
Old Lycoming Township,"5,059",4,0,0,1,3,123,13,109,1,0
Oley Township,"3,736",2,0,1,0,1,18,4,13,1,0
Orwigsburg,"2,983",5,0,0,0,5,27,1,25,1,0
Otto Eldred Regional,"2,327",0,0,0,0,0,6,0,6,0,0
Oxford,"5,449",20,0,2,2,16,99,15,81,3,0
Palmerton,"5,282",6,0,1,2,3,93,24,68,1,0
Palmer Township,"21,492",26,1,7,4,14,256,30,218,8,0
Palmyra,"7,476",21,1,0,1,19,102,15,83,4,0
Patterson Township,"2,962",2,0,0,1,1,81,14,64,3,0
Patton,"1,665",4,0,0,0,4,7,1,6,0,1
Patton Township,"16,027",4,0,4,0,0,164,14,150,0,0
Penbrook,"2,968",10,0,1,3,6,73,16,52,5,2
Penn,474,3,0,0,0,3,0,0,0,0,0
Penndel,"2,200",3,0,0,0,3,23,2,21,0,0
Penn Hills,"41,841",167,4,17,40,106,926,168,682,76,16
Pennridge Regional,"11,029",9,0,1,0,8,52,6,46,0,0
"Penn Township, Butler County","4,941",3,0,0,0,3,41,6,32,3,0
"Penn Township, Westmoreland County","19,632",24,0,0,2,22,49,6,42,1,0
"Penn Township, York County","16,243",20,0,1,1,18,128,16,108,4,0
Pequea Township,"4,778",7,0,0,0,7,34,14,19,1,0
Perkasie,"8,464",7,2,0,0,5,120,7,112,1,0
Peters Township,"22,274",4,0,0,1,3,156,13,143,0,3
Philadelphia,"1,570,826","15,534",273,"1,259","6,199","7,803","49,334","6,985","36,856","5,493",416
Phoenixville,"16,695",40,0,1,0,39,203,8,187,8,0
Pine Creek Township,"3,302",1,0,0,0,1,9,1,7,1,0
Pitcairn,"3,236",42,0,2,5,35,90,23,65,2,0
Pittsburgh,"302,443","2,366",57,100,"1,000","1,209","9,868","1,828","7,222",818,153
Pittston Township,"3,395",11,0,0,2,9,133,13,116,4,0
Plains Township,"9,743",12,0,1,7,4,191,26,160,5,0
Pleasant Hills,"8,248",3,0,0,3,0,99,6,92,1,0
Plumstead Township,"13,735",8,0,1,1,6,104,22,73,9,0
"Plymouth Township, Montgomery County","17,887",27,0,3,18,6,536,51,463,22,2
Pocono Mountain Regional,"42,284",112,0,22,23,67,688,174,492,22,11
Pocono Township,"10,723",25,0,1,5,19,282,34,238,10,0
Polk,790,0,0,0,0,0,0,0,0,0,0
Portage,"2,484",4,0,0,0,4,28,9,19,0,0
Port Carbon,"1,803",0,0,0,0,0,1,0,1,0,0
Portersville,236,0,0,0,0,0,0,0,0,0,0
Portland,508,0,0,0,0,0,5,1,4,0,0
Port Vue,"3,733",10,0,0,0,10,35,4,30,1,0
Pottstown,"22,719",154,0,22,48,84,930,122,753,55,4
Pottsville,"13,703",46,0,14,8,24,315,31,266,18,2
Pringle,967,1,0,0,1,0,39,4,34,1,0
Prospect,"1,128",0,0,0,0,0,0,0,0,0,0
"Pulaski Township, Lawrence County","3,323",6,0,1,1,4,14,5,7,2,0
Punxsutawney,"5,841",4,0,3,1,0,39,3,35,1,0
Pymatuning Township,"3,158",34,0,3,1,30,54,7,46,1,0
Quakertown,"8,831",30,0,3,1,26,181,17,161,3,2
Quarryville,"2,762",6,0,0,0,6,85,8,76,1,0
Raccoon Township,"2,992",1,0,0,1,0,14,4,10,0,0
Radnor Township,"31,625",22,0,1,0,21,291,30,251,10,0
Rankin,"2,084",8,0,0,0,8,25,7,12,6,0
Reading,"87,834",597,10,47,233,307,"2,292",685,"1,417",190,12
Redstone Township,"5,425",0,0,0,0,0,10,3,7,0,0
Reserve Township,"3,285",4,0,1,1,2,47,9,36,2,0
Rice Township,"3,544",9,0,0,0,9,17,5,12,0,0
"Richland Township, Bucks County","13,176",7,0,1,2,4,260,16,232,12,1
"Richland Township, Cambria County","12,140",10,0,2,4,4,517,33,482,2,0
Ridgway,"3,863",6,0,1,1,4,95,7,86,2,0
Ridley Park,"7,041",7,0,0,2,5,52,4,44,4,0
Ridley Township,"31,110",47,0,2,22,23,372,35,320,17,1
Ringtown,791,0,0,0,0,0,2,0,2,0,0
Riverside,"1,909",0,0,0,0,0,8,0,7,1,0
Roaring Brook Township,"1,936",0,0,0,0,0,13,2,8,3,0
Roaring Creek Township,539,6,0,0,0,6,1,1,0,0,1
Roaring Spring,"2,528",0,0,0,0,0,16,1,15,0,1
"Robinson Township, Allegheny County","13,813",22,0,3,1,18,319,14,295,10,0
"Robinson Township, Washington County","1,901",1,0,0,0,1,15,4,11,0,0
Rochester,"3,551",13,1,7,1,4,203,45,153,5,0
Rochester Township,"2,726",5,0,0,0,5,23,3,17,3,0
Rockledge,"2,540",5,0,0,2,3,31,8,23,0,0
Roseto,"1,545",0,0,0,0,0,14,0,12,2,0
Ross Township,"30,858",22,0,2,6,14,650,46,595,9,0
Rostraver Township,"11,130",27,1,1,10,15,417,21,388,8,1
Royersford,"4,771",6,0,0,1,5,62,8,53,1,0
Rural Valley,844,0,0,0,0,0,0,0,0,0,0
Rush Township,"3,310",2,0,1,0,1,145,7,137,1,0
Ryan Township,"2,541",0,0,0,0,0,7,1,5,1,0
"Salem Township, Luzerne County","4,197",3,0,0,1,2,49,6,43,0,0
Salisbury Township,"13,762",9,0,0,6,3,258,43,202,13,0
Saltsburg,832,0,0,0,0,0,4,0,4,0,0
Sandy Township,"10,699",9,0,4,1,4,198,26,168,4,0
Saxton,701,0,0,0,0,0,0,0,0,0,0
Sayre,"6,418",22,0,4,1,17,139,20,118,1,1
Schuylkill Haven,"5,189",10,0,0,0,10,71,1,69,1,0
"Schuylkill Township, Chester County","8,587",8,1,0,0,7,68,4,60,4,0
Scottdale,"4,226",11,1,0,2,8,103,10,91,2,0
"Scott Township, Allegheny County","16,848",23,0,2,2,19,215,31,181,3,3
"Scott Township, Columbia County","5,081",3,0,1,0,2,55,1,54,0,0
"Scott Township, Lackawanna County","4,812",0,0,0,0,0,0,0,0,0,0
Scranton,"77,332",216,2,35,63,116,"1,696",360,"1,228",108,9
Selinsgrove,"5,820",56,1,4,0,51,173,23,149,1,1
Seward,473,0,0,0,0,0,0,0,0,0,0
Sewickley Heights,821,0,0,0,0,0,5,4,1,0,0
Shaler Township,"28,467",16,0,0,8,8,253,37,210,6,1
Shamokin,"7,124",22,0,1,6,15,156,31,118,7,3
Shamokin Dam,"1,710",4,0,0,0,4,11,0,11,0,0
Sharon,"13,472",54,3,10,20,21,422,116,285,21,7
Sharon Hill,"5,703",48,1,0,9,38,241,19,207,15,0
Sharpsville,"4,244",7,1,0,0,6,73,12,60,1,0
Shenandoah,"4,835",10,0,3,0,7,101,25,73,3,7
"Shenango Township, Lawrence County","7,323",10,0,0,1,9,51,14,31,6,2
"Shenango Township, Mercer County","3,810",13,0,1,2,10,48,8,39,1,0
Shillington,"5,263",7,0,0,0,7,64,9,52,3,0
Shinglehouse,"1,086",3,0,0,0,3,1,0,1,0,0
Shippensburg,"5,568",2,0,0,0,2,69,6,61,2,0
Shippingport,210,1,0,0,0,1,2,0,2,0,0
Shiremanstown,"1,582",1,0,0,0,1,1,1,0,0,0
Shohola Township,"2,332",1,0,0,0,1,12,3,9,0,0
Silver Spring Township,"16,884",3,0,1,0,2,152,11,139,2,0
Sinking Spring,"4,121",5,4,1,0,0,55,11,42,2,0
Slate Belt Regional,"12,358",26,0,5,1,20,167,30,134,3,1
Slatington,"4,285",4,0,0,0,4,76,9,65,2,1
Slippery Rock,"3,605",7,0,1,1,5,42,4,38,0,0
Smethport,"1,584",0,0,0,0,0,7,2,5,0,0
Solebury Township,"8,628",3,0,1,0,2,43,4,37,2,0
Somerset,"5,985",5,0,0,1,4,111,14,94,3,2
Souderton,"6,771",19,0,3,1,15,56,8,46,2,0
South Abington Township,"9,010",13,0,1,1,11,84,10,72,2,0
South Annville Township,"2,939",0,0,0,0,0,8,1,7,0,0
South Beaver Township,"2,656",3,0,0,0,3,10,0,10,0,0
South Buffalo Township,"2,593",0,0,0,0,0,14,1,13,0,0
South Centre Township,"4,197",4,0,0,0,4,14,5,9,0,0
South Coatesville,"1,461",6,0,1,3,2,20,8,10,2,0
Southern Regional Lancaster County,"3,863",5,0,0,1,4,10,1,7,2,0
Southern Regional York County,"13,766",25,0,9,3,13,92,15,76,1,0
South Fayette Township,"15,723",2,0,0,2,0,65,6,59,0,0
South Fork,866,0,0,0,0,0,0,0,0,0,0
South Greensburg,"2,042",5,0,0,0,5,19,2,17,0,0
South Heights,457,0,0,0,0,0,0,0,0,0,0
South Londonderry Township,"7,807",12,1,2,1,8,50,8,42,0,0
South Pymatuning Township,"2,615",0,0,0,0,0,2,1,1,0,0
South Strabane Township,"9,561",13,0,1,6,6,543,12,525,6,0
Southwestern Regional,"17,774",23,0,17,0,6,99,13,82,4,0
"Southwest Regional, Fayette County","7,688",5,0,0,0,5,62,17,42,3,0
"Southwest Regional, Greene County","2,639",0,0,0,0,0,14,1,13,0,0
South Whitehall Township,"19,797",9,0,1,4,4,660,45,596,19,1
South Williamsport,"6,261",9,0,2,1,6,93,5,88,0,0
Springdale,"3,369",11,0,1,0,10,37,4,32,1,1
Springettsbury Township,"26,931",36,0,7,12,17,963,35,907,21,0
"Springfield Township, Delaware County","24,438",15,0,1,5,9,690,43,638,9,2
"Springfield Township, Montgomery County","19,603",22,0,2,3,17,148,13,129,6,0
Spring Garden Township,"12,977",43,1,2,17,23,481,77,368,36,1
"Spring Township, Berks County","27,517",15,0,1,5,9,291,31,254,6,0
"Spring Township, Centre County","7,693",2,0,0,0,2,36,1,35,0,0
State College,"58,119",39,0,8,10,21,491,35,447,9,3
St. Clair Township,"1,464",0,0,0,0,0,3,0,2,1,0
Steelton,"5,921",78,0,5,10,63,206,31,149,26,2
Stockertown,914,0,0,0,0,0,0,0,0,0,0
Stoneboro,"1,008",0,0,0,0,0,0,0,0,0,0
Stowe Township,"6,247",16,0,0,3,13,209,28,168,13,0
Strasburg,"2,925",3,0,1,0,2,18,2,15,1,0
Stroud Area Regional,"34,242",84,9,7,28,40,979,93,855,31,3
Sugarcreek,"5,085",5,0,0,0,5,45,19,25,1,0
"Sugarloaf Township, Luzerne County","4,111",3,0,0,0,3,48,6,40,2,0
Summerhill Township,"2,354",0,0,0,0,0,29,9,20,0,2
Summit Township,"2,184",0,0,0,0,0,0,0,0,0,0
Sunbury,"9,607",78,0,11,3,64,266,56,194,16,3
Susquehanna,"1,543",2,0,0,0,2,0,0,0,0,0
Susquehanna Regional,"8,334",8,0,1,1,6,109,8,99,2,4
"Susquehanna Township, Dauphin County","24,846",48,0,3,15,30,320,50,258,12,3
Swarthmore,"6,214",5,0,0,0,5,56,8,48,0,0
Swatara Township,"24,916",77,2,6,21,48,894,76,805,13,9
Swissvale,"8,829",30,0,0,12,18,220,65,141,14,0
Swoyersville,"4,969",4,0,0,0,4,90,18,71,1,0
Sykesville,"1,131",0,0,0,0,0,0,0,0,0,0
Tamaqua,"6,777",10,0,1,0,9,188,38,143,7,1
Tarentum,"4,449",30,0,0,6,24,107,14,88,5,0
Tatamy,"1,128",0,0,0,0,0,2,0,2,0,0
Taylor,"5,979",55,1,1,2,51,150,31,116,3,1
Terre Hill,"1,399",1,0,0,0,1,5,2,3,0,0
Throop,"3,934",8,0,1,0,7,55,10,43,2,0
Tiadaghton Valley Regional,"6,554",12,0,4,1,7,90,7,83,0,0
Tidioute,670,2,0,0,0,2,0,0,0,0,0
"Tinicum Township, Bucks County","3,957",0,0,0,0,0,13,5,8,0,0
"Tinicum Township, Delaware County","4,113",17,0,0,6,11,136,8,114,14,0
Tioga,661,2,0,1,0,1,2,0,2,0,0
Titusville,"5,349",10,0,1,1,8,97,17,80,0,0
Towamencin Township,"18,409",6,0,0,1,5,139,18,121,0,1
Towanda,"2,792",12,0,2,0,10,89,6,83,0,1
Trainer,"1,847",9,0,0,3,6,51,5,46,0,0
Tredyffrin Township,"29,601",22,1,2,6,13,220,25,185,10,1
Troy,"1,259",5,0,1,1,3,29,4,25,0,0
Tullytown,"1,856",1,0,0,0,1,25,0,25,0,0
Tulpehocken Township,"3,309",1,0,0,0,1,4,1,3,0,0
"Tunkhannock Township, Wyoming County","6,254",7,0,0,1,6,44,10,34,0,0
Turtle Creek,"5,257",7,0,0,1,6,10,1,7,2,0
Tyrone,"5,330",21,0,1,2,18,100,7,93,0,0
Union City,"3,197",0,0,0,0,0,68,22,45,1,0
Uniontown,"9,919",32,2,2,17,11,292,47,235,10,0
"Union Township, Lawrence County","4,985",12,0,0,0,12,134,5,129,0,0
Upland,"3,254",47,0,0,4,43,113,22,85,6,0
Upper Allen Township,"19,815",0,0,0,0,0,139,20,117,2,2
Upper Burrell Township,"2,260",0,0,0,0,0,22,4,16,2,0
Upper Chichester Township,"17,054",50,1,2,20,27,337,29,290,18,2
Upper Darby Township,"82,896",386,6,9,207,164,"1,354",140,"1,094",120,6
Upper Dublin Township,"26,333",11,0,3,5,3,222,18,191,13,1
Upper Gwynedd Township,"15,999",13,0,1,0,12,64,3,60,1,0
Upper Leacock Township,"8,902",7,0,0,2,5,67,11,51,5,0
Upper Macungie Township,"23,396",11,0,1,4,6,226,23,191,12,0
Upper Makefield Township,"8,267",2,0,2,0,0,79,8,71,0,0
Upper Merion Township,"28,661",15,0,2,10,3,"1,147",54,"1,073",20,0
Upper Moreland Township,"24,270",15,0,1,6,8,377,24,334,19,3
Upper Nazareth Township,"6,795",5,0,1,0,4,24,3,20,1,0
Upper Perkiomen,"6,869",9,0,2,2,5,93,16,70,7,2
Upper Pottsgrove Township,"5,511",5,0,0,1,4,44,6,37,1,0
"Upper Providence Township, Delaware County","10,510",0,0,0,0,0,73,6,66,1,0
"Upper Providence Township, Montgomery County","23,927",5,0,0,4,1,290,18,263,9,0
Upper Saucon Township,"16,451",10,0,1,0,9,109,20,85,4,0
Upper Southampton Township,"15,114",9,0,1,3,5,115,27,81,7,1
Upper St. Clair Township,"19,726",3,0,0,0,3,126,8,117,1,0
Upper Uwchlan Township,"11,603",2,0,0,2,0,56,10,45,1,0
Uwchlan Township,"19,274",14,2,0,5,7,159,28,128,3,0
Valley Township,"7,803",8,0,0,0,8,88,14,71,3,0
Vandergrift,"4,999",16,0,0,2,14,7,1,6,0,0
Vandling,716,2,0,0,0,2,3,1,0,2,0
Vernon Township,"5,449",1,0,1,0,0,42,0,42,0,0
Verona,"2,436",17,0,3,1,13,64,18,42,4,0
Vintondale,387,0,0,0,0,0,0,0,0,0,0
Walker Township,"1,018",0,0,0,0,0,0,0,0,0,0
Wampum,683,0,0,0,0,0,4,2,2,0,0
Warminster Township,"32,577",25,0,8,10,7,380,29,339,12,2
Warren,"9,264",30,0,3,0,27,206,6,200,0,1
Warrington Township,"24,044",7,0,1,4,2,275,34,235,6,6
"Warwick Township, Bucks County","14,741",13,1,0,0,12,77,5,67,5,0
"Washington, Washington County","13,421",92,1,9,29,53,437,86,333,18,2
"Washington Township, Fayette County","3,740",11,0,0,1,10,49,10,38,1,1
"Washington Township, Franklin County","14,631",11,0,2,6,3,286,26,258,2,3
"Washington Township, Northampton County","5,180",0,0,0,0,0,56,7,49,0,0
"Washington Township, Westmoreland County","7,216",3,0,0,0,3,56,4,50,2,0
Watsontown,"2,315",5,0,0,2,3,23,4,19,0,1
Waverly Township,"1,708",1,0,0,0,1,15,7,8,0,0
Waymart,"1,267",0,0,0,0,0,5,1,4,0,0
Waynesboro,"10,902",29,6,6,6,11,266,43,211,12,2
Waynesburg,"4,021",9,0,0,2,7,77,10,66,1,0
"Wayne Township, Lawrence County","2,509",3,0,0,0,3,1,1,0,0,1
Weatherly,"2,450",18,0,0,0,18,66,11,55,0,0
West Brandywine Township,"7,482",11,1,1,0,9,85,20,58,7,1
West Caln Township,"9,097",23,0,0,1,22,69,21,42,6,0
West Carroll Township,"1,234",2,0,0,0,2,5,2,3,0,1
West Chester,"20,129",59,0,16,19,24,403,68,320,15,18
West Cocalico Township,"7,439",7,0,0,0,7,31,8,23,0,1
West Conshohocken,"1,393",4,0,0,0,4,26,1,22,3,0
West Cornwall Township,"1,997",4,0,0,1,3,1,0,1,0,1
West Deer Township,"11,975",2,0,0,1,1,86,19,65,2,0
West Earl Township,"8,195",10,0,3,7,0,56,18,38,0,0
Western Berks Regional,"2,549",4,0,1,1,2,14,10,3,1,0
West Fallowfield Township,"2,602",0,0,0,0,0,13,2,11,0,0
West Goshen Township,"23,398",22,0,1,2,19,315,24,282,9,0
West Hempfield Township,"16,538",16,0,2,2,12,139,13,122,4,4
West Hills Regional,"10,302",11,0,0,1,10,95,19,72,4,0
West Homestead,"1,917",8,0,1,1,6,30,1,29,0,0
West Kittanning,"1,126",1,0,0,0,1,1,1,0,0,0
West Lebanon Township,805,2,0,0,1,1,63,6,57,0,0
West Leechburg,"1,260",0,0,0,0,0,4,0,4,0,0
West Manchester Township,"18,880",40,3,3,13,21,626,44,572,10,0
West Manheim Township,"8,371",5,0,2,0,3,123,7,113,3,0
West Mead Township,"5,121",5,0,0,0,5,57,8,48,1,0
West Mifflin,"20,028",24,0,2,4,18,180,13,158,9,0
West Newton,"2,527",9,0,4,0,5,42,2,38,2,0
West Norriton Township,"15,799",24,0,1,4,19,328,35,280,13,0
West Nottingham Township,"2,703",0,0,0,0,0,0,0,0,0,0
West Penn Township,"4,327",0,0,0,0,0,13,6,7,0,0
West Pittston,"4,753",16,0,0,1,15,72,5,63,4,0
West Pottsgrove Township,"3,885",6,0,0,4,2,128,8,115,5,0
West Reading,"4,186",15,0,2,4,9,173,14,151,8,0
West Sadsbury Township,"2,481",3,0,0,1,2,95,5,89,1,0
West Salem Township,"3,463",18,0,1,0,17,63,12,48,3,1
West Shore Regional,"7,734",8,0,0,6,2,44,8,31,5,0
Westtown-East Goshen Regional,"32,687",35,0,6,1,28,264,16,238,10,0
West View,"6,668",11,0,1,0,10,114,9,105,0,0
West Vincent Township,"5,133",0,0,0,0,0,18,3,14,1,0
Whitaker Borough,"1,250",2,0,1,0,1,22,4,18,0,0
Whitehall,"13,812",7,0,1,2,4,62,16,45,1,2
Whitehall Township,"27,426",28,1,1,17,9,"1,098",60,"1,009",29,4
Whitemarsh Township,"17,721",6,0,1,0,5,240,24,196,20,0
White Oak,"7,758",8,0,1,4,3,129,12,107,10,0
Whitpain Township,"19,237",15,0,0,2,13,153,24,118,11,0
Wilkes-Barre Township,"2,921",16,0,1,6,9,668,18,649,1,0
Wilkinsburg,"15,692",167,2,3,60,102,532,168,304,60,9
Wilkins Township,"6,283",7,0,3,0,4,165,15,138,12,0
Williamsburg,"1,216",0,0,0,0,0,5,0,4,1,0
Williamsport,"29,163",104,5,8,39,52,792,101,668,23,2
Wilson,"7,758",53,0,7,11,35,296,49,240,7,2
Windber,"3,938",23,0,0,3,20,26,3,22,1,1
Womelsdorf,"2,860",2,0,1,0,1,19,5,13,1,0
Worthington,609,0,0,0,0,0,0,0,0,0,0
Wright Township,"5,659",0,0,0,0,0,53,4,46,3,0
Wyoming,"3,038",5,0,1,2,2,118,13,100,5,0
Wyomissing,"10,473",9,0,1,2,6,378,14,361,3,1
Yardley,"2,442",17,0,0,0,17,28,3,24,1,0
Yeadon,"11,537",40,3,0,17,20,337,48,265,24,0
York,"44,017",416,8,12,208,188,"1,408",298,917,193,11
York Area Regional,"55,292",67,1,13,6,47,465,78,371,16,2
Youngsville,"1,653",1,0,0,0,1,13,3,10,0,0